Genre,Count,Allowedness
Fiction,67516,Not-rejected
Nonfiction, NA,forbidden
Poetry,NA,forbidden
Short Stories,NA,forbidden
Picture Books,NA,forbidden
Audiobook,NA,forbidden
Historical Fiction,19354,Not-rejected
Classics,18395,Not-rejected
Fantasy,18157,Not-rejected
Mystery,16986,Not-rejected
Romance,14229,Not-rejected
Novels,13845,Not-rejected
Young Adult,13128,Not-rejected
Childrens,12525,Not-rejected
Literature,11533,Not-rejected
Historical,10416,Not-rejected
Science Fiction,10136,Not-rejected
Contemporary,9398,Not-rejected
Thriller,8870,Not-rejected
Adventure,8175,Not-rejected
Crime,8060,Not-rejected
Middle Grade,6020,Not-rejected
Mystery Thriller,5885,Not-rejected
Humor,5835,Provisional rejection
Science Fiction Fantasy,5618,Not-rejected
Horror,4836,Not-rejected
Suspense,4474,Not-rejected
Literary Fiction,4468,Not-rejected
Comics,3894,forbidden
Philosophy,3864,Provisional rejection
Chick Lit,3599,Provisional rejection
Graphic Novels,3510,forbidden
School,3079,Provisional rejection
Reference,2950,forbidden
France,2928,Provisional rejection
Drama,2848,Provisional rejection
Religion,2799,Provisional rejection
Christian,2794,Provisional rejection
Adult,2664,Not-rejected
Plays,2598,forbidden
American,2484,Not-rejected
Historical Romance,2464,Not-rejected
Detective,2357,Not-rejected
20th Century,2185,Not-rejected
War,2119,Not-rejected
Contemporary Romance,2110,Not-rejected
Paranormal,2077,Not-rejected
Magic,2008,Not-rejected
Realistic Fiction,1920,Not-rejected
Animals,1902,Provisional rejection
Music,1859,Provisional rejection
Adult Fiction,1827,Not-rejected
Theatre,1820,forbidden
19th Century,1802,Not-rejected
Cookbooks,1714,forbidden
LGBT,1709,Provisional rejection
Manga,1705,forbidden
Theology,1649,Provisional rejection
Psychology,1620,Provisional rejection
Canada,1581,Provisional rejection
Christian Fiction,1567,Not-rejected
Spirituality,1535,Provisional rejection
Travel,1524,Provisional rejection
High Fantasy,1507,Not-rejected
Action,1500,Not-rejected
Speculative Fiction,1484,Not-rejected
Teen,1477,Not-rejected
Biography,1458,Provisional rejection
Dystopia,1370,Not-rejected
Science,1356,Provisional rejection
Juvenile,1345,Provisional rejection
Comedy,1287,Provisional rejection
Westerns,1252,Not-rejected
Espionage,1209,Not-rejected
Africa,1202,Provisional rejection
Gothic,1193,Not-rejected
Politics,1165,Provisional rejection
Business,1115,Provisional rejection
Magical Realism,1105,Not-rejected
Epic Fantasy,1085,Not-rejected
Queer,1046,Not-rejected
Urban Fantasy,1038,Not-rejected
Graphic Novels Comics,1002,forbidden
Noir,999,Not-rejected
Harlequin,995,Not-rejected
Role Playing Games,984,Provisional rejection
Military Fiction,981,Not-rejected
Time Travel,973,Not-rejected
Space Opera,944,Not-rejected
Ireland,943,Provisional rejection
Coming Of Age,943,Not-rejected
Vampires,928,Not-rejected
Russia,908,Provisional rejection
Textbooks,894,Provisional rejection
Feminism,893,Provisional rejection
Mythology,877,Not-rejected
Roman,863,Not-rejected
Cozy Mystery,862,Not-rejected
Cooking,832,Provisional rejection
Family,821,Provisional rejection
Comic Book,804,forbidden
Medieval,799,Provisional rejection
Sports,791,Provisional rejection
World War II,783,Provisional rejection
Supernatural,783,Not-rejected
Chapter Books,781,Provisional rejection
Historical Mystery,777,Not-rejected
India,776,Provisional rejection
Victorian,771,Provisional rejection
Christianity,760,Provisional rejection
Asia,753,Provisional rejection
African American,730,Not-rejected
Italy,704,Provisional rejection
Romantic Suspense,682,Not-rejected
Education,678,Provisional rejection
Erotica,676,Not-rejected
Regency,676,Provisional rejection
Jewish,673,Provisional rejection
Japan,667,Provisional rejection
Scotland,651,Provisional rejection
Mathematics,638,Provisional rejection
Gay,619,Not-rejected
China,616,Provisional rejection
Food,602,Provisional rejection
Self Help,587,Provisional rejection
Gaming,579,Provisional rejection
Post Apocalyptic,566,Not-rejected
Health,565,Provisional rejection
Media Tie In,550,forbidden
Read For School,549,Not-rejected
Superheroes,538,Not-rejected
Horses,535,Provisional rejection
Photography,531,Provisional rejection
Economics,527,Provisional rejection
Germany,518,Provisional rejection
Southern,518,Provisional rejection
Paranormal Romance,515,Not-rejected
Film,514,Provisional rejection
Christmas,501,Provisional rejection
Bande Dessinée,479,Provisional rejection
Dragons,479,Not-rejected
Gardening,463,Provisional rejection
Aliens,454,Not-rejected
Space,446,Provisional rejection
Anthologies,445,Provisional rejection
Nobel Prize,439,Not-rejected
Pulp,434,Not-rejected
Cyberpunk,433,Not-rejected
Anthropology,429,Provisional rejection
Collections,428,Provisional rejection
Australia,427,Provisional rejection
Legal Thriller,425,Not-rejected
Parenting,422,Provisional rejection
New York,408,Provisional rejection
Book Club,399,Provisional rejection
Alternate History,399,Not-rejected
Spain,397,Provisional rejection
Womens Fiction,397,Not-rejected
18th Century,379,Not-rejected
Latin American,378,Provisional rejection
Language,375,Provisional rejection
Medical,371,Provisional rejection
Nature,368,Provisional rejection
Civil War,365,Provisional rejection
The United States Of America,361,Provisional rejection
Buddhism,360,Provisional rejection
Regency Romance,347,Not-rejected
Fairy Tales,345,Not-rejected
Witches,340,Not-rejected
Young Adult Fantasy,340,Not-rejected
Programming,336,Provisional rejection
Holocaust,335,Provisional rejection
Womens,335,Not-rejected
Islam,332,Provisional rejection
Crafts,331,Provisional rejection
Lesbian,328,Provisional rejection
Egypt,323,Provisional rejection
Murder Mystery,313,Not-rejected
Leadership,311,Provisional rejection
Catholic,310,Provisional rejection
Linguistics,310,Provisional rejection
Games,307,Provisional rejection
Dungeons and Dragons,307,Provisional rejection
Physics,306,Provisional rejection
Baseball,303,Provisional rejection
Dogs,302,Provisional rejection
Judaism,298,Provisional rejection
Marvel,295,Not-rejected
Memoir,292,Provisional rejection
Harlequin Presents,292,Not-rejected
Arthurian,292,Provisional rejection
Sociology,290,Provisional rejection
Star Wars,288,Not-rejected
Shojo,285,Provisional rejection
Medicine,284,Provisional rejection
M M Romance,282,Not-rejected
Christian Romance,282,Not-rejected
Gamebooks,281,Provisional rejection
Law,279,Provisional rejection
Writing,277,Provisional rejection
Dc Comics,263,Provisional rejection
Race,260,Provisional rejection
Finance,260,Provisional rejection
Mental Health,254,Provisional rejection
Ghosts,254,Not-rejected
Cats,248,Provisional rejection
Inspirational,247,Provisional rejection
Spy Thriller,245,Not-rejected
Harlequin Romance,245,Not-rejected
Pirates,243,Not-rejected
Comics Manga,239,Provisional rejection
Technology,223,Provisional rejection
Western Romance,223,Not-rejected
True Crime,220,Provisional rejection
Teaching,219,Provisional rejection
Christian Living,217,Provisional rejection
Design,216,Provisional rejection
Essays,214,Provisional rejection
American History,212,Provisional rejection
Faith,212,Provisional rejection
Gay Fiction,212,Not-rejected
Books About Books,210,Provisional rejection
Shonen,210,Provisional rejection
Boarding School,209,Provisional rejection
School Stories,209,Provisional rejection
Literary Criticism,206,Provisional rejection
Cultural,206,Provisional rejection
Computer Science,204,Provisional rejection
Computers,200,Provisional rejection
Star Trek,199,Not-rejected
Technical,198,Provisional rejection
Modern,198,Provisional rejection
Doctor Who,194,Not-rejected
Church,194,Provisional rejection
South Africa,192,Provisional rejection
Relationships,191,Not-rejected
Steampunk,190,Provisional rejection
Retellings,189,Provisional rejection
Banned Books,188,Not-rejected
Dark Fantasy,188,Not-rejected
Choose Your Own Adventure,185,Provisional rejection
Management,183,Provisional rejection
Historical Fantasy,183,Not-rejected
Sweden,182,Provisional rejection
Martial Arts,182,Provisional rejection
Quilting,177,Provisional rejection
Academic,177,Provisional rejection
Occult,177,Provisional rejection
Engineering,175,Provisional rejection
Chess,172,Provisional rejection
Portugal,172,Provisional rejection
17th Century,171,Not-rejected
Apocalyptic,171,Not-rejected
World War I,170,Not-rejected
Sword and Sorcery,170,Not-rejected
Sexuality,169,Provisional rejection
Dark,168,Not-rejected
Lds,166,Provisional rejection
Epic,165,Not-rejected
Survival,162,Provisional rejection
Tv,161,Provisional rejection
Astrology,160,Provisional rejection
Greece,160,Provisional rejection
Marriage,159,Provisional rejection
Lesbian Fiction,159,Not-rejected
Aviation,157,Provisional rejection
Fashion,155,Provisional rejection
High School,149,Provisional rejection
Tudor Period,149,Provisional rejection
Mental Illness,145,Provisional rejection
Police,144,Provisional rejection
Fairies,142,Not-rejected
Hard Boiled,142,Not-rejected
Holiday,141,Provisional rejection
Erotic Romance,141,Not-rejected
Yaoi,138,Provisional rejection
Counselling,137,Provisional rejection
Love,136,Not-rejected
Novella,136,Not-rejected
Israel,135,Provisional rejection
Halloween,133,Provisional rejection
World Of Darkness,133,Not-rejected
Theory,132,Provisional rejection
Medieval Romance,131,Not-rejected
Biology,130,Provisional rejection
BDSM,127,Provisional rejection
Female Authors,124,Not-rejected
Comic Strips,124,forbidden
Werewolves,124,Not-rejected
Prayer,122,Provisional rejection
Lds Fiction,121,Provisional rejection
Unfinished,120,Provisional rejection
Amazon,120,Provisional rejection
Military Science Fiction,120,Not-rejected
Football,119,Provisional rejection
Category Romance,117,Not-rejected
21st Century,114,Not-rejected
Abuse,114,Provisional rejection
Environment,113,Provisional rejection
Research,112,Provisional rejection
College,112,Provisional rejection
Folklore,111,Provisional rejection
Nursing,109,Provisional rejection
New Testament,107,Provisional rejection
Hugo Awards,106,Not-rejected
Cartoon,104,Provisional rejection
16th Century,103,Not-rejected
Brazil,103,Provisional rejection
Archaeology,101,Provisional rejection
Birds,100,Provisional rejection
Death,99,Not-rejected
Seinen,99,Provisional rejection
Batman,98,Not-rejected
Old Testament,98,Provisional rejection
Poland,98,Provisional rejection
Gender,95,Provisional rejection
Hard Science Fiction,94,Not-rejected
Political Science,93,Provisional rejection
Boys Love,92,Provisional rejection
Chemistry,91,Provisional rejection
Comix,90,Provisional rejection
Knitting,90,Provisional rejection
Woodwork,89,Provisional rejection
Psychoanalysis,87,Provisional rejection
Metaphysics,87,Provisional rejection
Judaica,86,Provisional rejection
Autistic Spectrum Disorder,85,Provisional rejection
X Men,85,Provisional rejection
Americana,85,Provisional rejection
Hqn,85,Provisional rejection
Sewing,83,Provisional rejection
Love Inspired,83,Not-rejected
African American Romance,83,Not-rejected
Kids,82,Provisional rejection
Biblical Fiction,82,Not-rejected
Pakistan,81,Provisional rejection
Southern Gothic,81,Provisional rejection
Urban,80,Provisional rejection
Native Americans,80,Provisional rejection
Prehistoric,80,Provisional rejection
Animal Fiction,79,Not-rejected
Komik,79,Provisional rejection
Golden Age Mystery,78,Not-rejected
Biography Memoir,78,Provisional rejection
Dragonlance,77,Provisional rejection
Adoption,76,Provisional rejection
Astronomy,76,Provisional rejection
Military History,76,Provisional rejection
Criticism,75,Provisional rejection
Dinosaurs,75,Provisional rejection
Ancient,74,Provisional rejection
American Civil War,74,Provisional rejection
Shapeshifters,74,Not-rejected
Nigeria,74,Provisional rejection
Harlequin Blaze,73,Not-rejected
Fitness,73,Provisional rejection
Autobiography,72,Provisional rejection
Zombies,71,Not-rejected
Software,70,Provisional rejection
Demons,70,Not-rejected
Greek Mythology,69,Provisional rejection
M F Romance,67,Not-rejected
Zen,67,Provisional rejection
Tarot,67,Provisional rejection
Mysticism,66,Provisional rejection
Clean Romance,66,Not-rejected
Ancient History,66,Provisional rejection
Manhwa,66,Provisional rejection
Hungary,66,Provisional rejection
Modern Classics,66,Not-rejected
Futuristic,64,Not-rejected
New Age,64,Provisional rejection
Star Trek Original Series,64,Provisional rejection
Church History,64,Provisional rejection
Slice Of Life,63,Provisional rejection
Musicals,62,Provisional rejection
Fae,62,Provisional rejection
Biblical,60,Provisional rejection
Evolution,59,Provisional rejection
Witchcraft,59,Provisional rejection
Own,59,Provisional rejection
Paganism,59,Provisional rejection
Social Work,58,Provisional rejection
Robots,58,Provisional rejection
Iran,58,Provisional rejection
Wine,58,Provisional rejection
Personal Development,57,Provisional rejection
Jazz,56,Provisional rejection
Jewellery,56,Provisional rejection
Mermaids,56,Provisional rejection
Geography,54,Provisional rejection
Journalism,54,Provisional rejection
United States,54,Provisional rejection
Maritime,54,Provisional rejection
Western Historical Romance,54,Not-rejected
Josei,54,Provisional rejection
Ecology,53,Provisional rejection
Christian Non Fiction,53,Provisional rejection
Superman,53,Provisional rejection
Gothic Romance,52,Provisional rejection
Unicorns,51,Provisional rejection
Nordic Noir,51,Provisional rejection
Weird Fiction,51,Not-rejected
Splatterpunk,51,Not-rejected
Magick,50,Provisional rejection
Disability,50,Provisional rejection
American Fiction,49,Not-rejected
Tragedy,49,Not-rejected
Romania,49,Provisional rejection
Outdoors,47,Provisional rejection
Lovecraftian,47,Not-rejected
Diary,47,Provisional rejection
Angels,47,Provisional rejection
2nd Grade,47,Provisional rejection
Logic,46,Provisional rejection
Natural History,46,Provisional rejection
Neuroscience,46,Provisional rejection
American Revolution,46,Provisional rejection
Psychological Thriller,46,Not-rejected
Monsters,45,Not-rejected
Academia,45,Provisional rejection
French Revolution,45,Provisional rejection
Lesbian Romance,45,Provisional rejection
Danish,45,Provisional rejection
Spider Man,44,Provisional rejection
Traditional Regency,44,Provisional rejection
Belgium,44,Provisional rejection
Sci Fi Fantasy,44,Not-rejected
Geology,44,Provisional rejection
Harlequin Desire,43,Not-rejected
Turkish,43,Provisional rejection
Accounting,43,Provisional rejection
Wolves,43,Provisional rejection
Denmark,43,Provisional rejection
40k,42,Provisional rejection
Botswana,42,Provisional rejection
Video Games,41,Provisional rejection
Basketball,41,Provisional rejection
Morocco,41,Provisional rejection
Grad School,41,Provisional rejection
Forgotten Realms,41,Provisional rejection
Amish,40,Provisional rejection
Nutrition,40,Provisional rejection
Crochet,40,Provisional rejection
Hinduism,40,Provisional rejection
Hockey,40,Provisional rejection
15th Century,39,Not-rejected
Beading,39,Provisional rejection
Utopia,39,Provisional rejection
International,39,Provisional rejection
Silhouette,38,Provisional rejection
Shounen Ai,38,Provisional rejection
Social Science,37,Provisional rejection
Art History,37,Provisional rejection
Field Guides,37,Provisional rejection
Horse Racing,35,Provisional rejection
Labor,35,Provisional rejection
International Relations,35,Provisional rejection
New Weird,34,Not-rejected
Star Trek The Next Generation,34,Provisional rejection
Sword and Planet,34,Not-rejected
American Revolutionary War,34,Provisional rejection
Dying Earth,33,Provisional rejection
Childrens Classics,33,Not-rejected
Algeria,33,Provisional rejection
Lebanon,32,Provisional rejection
Evangelism,32,Provisional rejection
Psychiatry,32,Provisional rejection
Cycling,32,Provisional rejection
Kenya,32,Provisional rejection
Mills and Boon,32,Provisional rejection
Fantasy Romance,31,Not-rejected
Georgian,31,Provisional rejection
Entrepreneurship,31,Provisional rejection
Ethnography,30,Provisional rejection
Young Adult Contemporary,30,Not-rejected
end-of-coding,0,Provisional rejection
Artificial Intelligence,30,Provisional rejection
Buffy The Vampire Slayer,29,Provisional rejection
Naval Historical Fiction,29,Provisional rejection
Heroic Fantasy,29,Provisional rejection
Discipleship,29,Provisional rejection
Wicca,29,Provisional rejection
Cults,29,Provisional rejection
Time Travel Romance,28,Not-rejected
Communication,28,Provisional rejection
Fairy Tale Retellings,28,Not-rejected
Cthulhu Mythos,28,Not-rejected
Egyptology,28,Provisional rejection
Divination,27,Provisional rejection
How To,26,Provisional rejection
Scripture,26,Provisional rejection
Romantic,26,Not-rejected
Christian Historical Fiction,26,Not-rejected
Anime,26,Provisional rejection
Sustainability,26,Provisional rejection
Ghost Stories,26,Provisional rejection
Science Fiction Romance,25,Not-rejected
Beer,25,Provisional rejection
Plants,25,Provisional rejection
Light Novel,25,Not-rejected
Ecclesiology,25,Provisional rejection
Pop Culture,25,Provisional rejection
Plantagenet,25,Provisional rejection
Folk Tales,25,Provisional rejection
Conspiracy Theories,24,Provisional rejection
Punk,24,Provisional rejection
Money,24,Provisional rejection
Love Inspired Suspense,24,Not-rejected
Romanticism,24,Provisional rejection
Loveswept,24,Not-rejected
Young Adult Romance,24,Not-rejected
Baha I,24,Provisional rejection
Calculus,23,Provisional rejection
Vegetarian,23,Provisional rejection
Comic Fantasy,23,Not-rejected
Terrorism,23,Provisional rejection
Prehistory,23,Provisional rejection
Webcomic,22,Provisional rejection
Esoterica,22,Provisional rejection
Ethiopia,22,Provisional rejection
Beauty and The Beast,22,Not-rejected
Divorce,22,Provisional rejection
Food and Drink,22,Provisional rejection
Elves,21,Not-rejected
New Adult,21,Not-rejected
Transport,21,Provisional rejection
Graphic Novels Manga,21,Provisional rejection
Tea,20,Provisional rejection
Sequential Art,20,Provisional rejection
Culinary,19,Provisional rejection
Landscape Architecture,19,Provisional rejection
Queer Lit,19,Not-rejected
Jewellery Making,18,Provisional rejection
Taoism,18,Provisional rejection
Scores,18,Provisional rejection
Presidents,18,Provisional rejection
Vegan,18,Provisional rejection
Doctors,18,Provisional rejection
Bizarro Fiction,18,Not-rejected
Construction,18,Provisional rejection
Tasmania,18,Provisional rejection
Senegal,18,Provisional rejection
Menage,17,Provisional rejection
Christian Fantasy,17,Not-rejected
Somalia,17,Provisional rejection
1st Grade,17,Provisional rejection
Urban Planning,17,Provisional rejection
Babylon 5,16,Provisional rejection
Naval History,16,Provisional rejection
Social Justice,16,Provisional rejection
Palaeontology,16,Provisional rejection
Origami,16,Provisional rejection
Bangladesh,16,Provisional rejection
Military Romance,16,Not-rejected
Ukraine,16,Provisional rejection
Puzzles,16,Provisional rejection
Star Trek Deep Space Nine,16,Provisional rejection
Interracial Romance,16,Not-rejected
Climbing,16,Provisional rejection
Buisness,15,Provisional rejection
Horticulture,15,Provisional rejection
Banks,15,Provisional rejection
Electrical Engineering,15,Provisional rejection
Alchemy,15,Provisional rejection
Occult Detective,15,Not-rejected
Transgender,15,Provisional rejection
Amish Fiction,14,Not-rejected
Trivia,14,Provisional rejection
Mormonism,14,Provisional rejection
Personal Finance,14,Provisional rejection
Diets,14,Provisional rejection
Zimbabwe,14,Provisional rejection
Ghana,14,Provisional rejection
Railways,14,Provisional rejection
Paranormal Mystery,14,Not-rejected
Go,14,Provisional rejection
Sports Romance,13,Not-rejected
Brewing,13,Provisional rejection
Gay Erotica,13,Not-rejected
Guidebook,13,Provisional rejection
13th Century,13,Not-rejected
Harem,13,Provisional rejection
Research Methods,13,Provisional rejection
Young Readers,13,Not-rejected
Health Care,13,Provisional rejection
Mountaineering,13,Provisional rejection
Spanish Civil War,13,Provisional rejection
Siglo De Oro,13,Provisional rejection
Futuristic Romance,12,Not-rejected
Atheism,12,Provisional rejection
Adhd,12,Provisional rejection
Web,12,Provisional rejection
12th Century,12,Not-rejected
European History,12,Provisional rejection
Figure Skating,12,Provisional rejection
Guides,12,Provisional rejection
Cultural Studies,12,Provisional rejection
Cinderella,12,Not-rejected
Genetics,12,Provisional rejection
Theosophy,12,Provisional rejection
Herbs,12,Provisional rejection
Geometry,11,Provisional rejection
Tanzania,11,Provisional rejection
Stuart,11,Provisional rejection
11th Century,11,Not-rejected
Surreal,11,Provisional rejection
Walking,11,Provisional rejection
Wildlife,11,Provisional rejection
Young Adult Historical Fiction,11,Not-rejected
Princesses,11,Not-rejected
The World,11,Provisional rejection
Agriculture,11,Provisional rejection
History Of Science,11,Provisional rejection
Singularity,11,Provisional rejection
Anthropomorphic,10,Provisional rejection
Human Resources,10,Provisional rejection
Museums,10,Provisional rejection
Sudan,10,Provisional rejection
Popular Science,10,Provisional rejection
Homeopathy,10,Provisional rejection
Bulgaria,10,Provisional rejection
Fantasy Of Manners,10,Not-rejected
Uganda,10,Provisional rejection
Soccer,10,Provisional rejection
Class,10,Provisional rejection
Semiotics,10,Provisional rejection
Belgian,10,Provisional rejection
Edwardian,10,Provisional rejection
Cars,10,Provisional rejection
Library Science,9,Provisional rejection
Love Story,9,Not-rejected
Quantum Mechanics,9,Provisional rejection
Algebra,9,Provisional rejection
Fostering,9,Provisional rejection
Colouring Books,9,Provisional rejection
Pulp Noir,9,Not-rejected
Victor Frankenstein,9,Provisional rejection
Near Future,9,Provisional rejection
Libya,9,Provisional rejection
Foodie,9,Provisional rejection
Sex Work,9,Provisional rejection
Society,9,Provisional rejection
Harlequin Historical,9,Provisional rejection
Holland,9,Provisional rejection
Social,9,Provisional rejection
Hip Hop,8,Provisional rejection
Motorcycle,8,Provisional rejection
Counting,8,Provisional rejection
Viking Romance,8,Provisional rejection
Gender Studies,8,Provisional rejection
Pediatrics,8,Provisional rejection
Maps,8,Provisional rejection
Firefighters,8,Provisional rejection
Harlequin Nocturne,8,Provisional rejection
Deception,8,Provisional rejection
Cult Classics,8,Not-rejected
Climate Change Fiction,8,Not-rejected
Climate Change,8,Provisional rejection
Amateur Sleuth,8,Provisional rejection
Mozambique,8,Provisional rejection
Website Design,7,Provisional rejection
14th Century,7,Provisional rejection
Eastern Philosophy,7,Provisional rejection
Museology,7,Provisional rejection
Mail Order Brides,7,Provisional rejection
Racing,7,Provisional rejection
Conservation,7,Provisional rejection
Art Design,7,Provisional rejection
Womens Studies,7,Provisional rejection
Planets,7,Provisional rejection
Elizabethan Period,7,Provisional rejection
Soviet Union,7,Provisional rejection
Anglo Saxon,7,Provisional rejection
Coding,7,Provisional rejection
Gender and Sexuality,7,Provisional rejection
Moroccan,7,Provisional rejection
Angola,7,Provisional rejection
Gnosticism,7,Provisional rejection
Cartography,7,Provisional rejection
Yuri,6,Provisional rejection
Atlases,6,Provisional rejection
Classical Music,6,Provisional rejection
Illness,6,Provisional rejection
Wizards,6,Provisional rejection
Bolivia,6,Provisional rejection
Comics Bd,6,forbidden
Pulp Adventure,6,Provisional rejection
Disability Studies,6,Provisional rejection
Star Trek Voyager,6,Provisional rejection
Romanovs,6,Provisional rejection
Boating,6,Provisional rejection
Read For College,6,Provisional rejection
Programming Languages,6,Provisional rejection
Algorithms,6,Provisional rejection
Prostitution,6,Provisional rejection
Goddess,6,Provisional rejection
Church Ministry,6,Provisional rejection
Numerology,6,Provisional rejection
Thelema,6,Provisional rejection
Art and Photography,5,Provisional rejection
God,5,Provisional rejection
Bicycles,5,Provisional rejection
Emotion,5,Provisional rejection
Roman Britain,5,Provisional rejection
Food and Wine,5,Provisional rejection
Government,5,Provisional rejection
Material Culture,5,Provisional rejection
Trains,5,Provisional rejection
Cities,5,Provisional rejection
Metallurgy,5,Provisional rejection
Earth Sciences,5,Provisional rejection
Apple,5,Provisional rejection
English Civil War,5,Provisional rejection
Civil War Eastern Theater,5,Provisional rejection
Poverty,5,Provisional rejection
Food History,5,Provisional rejection
Drawing,5,Provisional rejection
Cocktails,5,Provisional rejection
Post Colonial,5,Provisional rejection
Madagascar,5,Provisional rejection
Polyamory,5,Provisional rejection
Food Writing,5,Provisional rejection
Malawi,5,Provisional rejection
Bigfoot,5,Provisional rejection
Local History,5,Provisional rejection
Rabbits,5,Provisional rejection
Activism,5,Provisional rejection
Russian History,5,Provisional rejection
Rwanda,5,Provisional rejection
Skepticism,4,Provisional rejection
Journal,4,Provisional rejection
Mauritius,4,Provisional rejection
Hackers,4,Provisional rejection
Fat Acceptance,4,Provisional rejection
History Of Medicine,4,Provisional rejection
Graffiti,4,Provisional rejection
Muslims,4,Provisional rejection
Russian Revolution,4,Provisional rejection
Social Issues,4,Provisional rejection
Manga Romance,4,Provisional rejection
Wonder Woman,4,Provisional rejection
Fandom,4,Provisional rejection
Internet,4,Provisional rejection
Librarianship,4,Provisional rejection
Short Story Collection,4,forbidden
Urban Studies,4,Provisional rejection
Number,4,Provisional rejection
Cryptozoology,4,Provisional rejection
Poetry Plays,4,forbidden
Numismatics,4,Provisional rejection
Fables,4,Provisional rejection
Georgian Romance,4,Provisional rejection
Adolescence,4,Provisional rejection
Northern Africa,4,Provisional rejection
Food Science,4,Provisional rejection
Native American History,4,Provisional rejection
Butch Femme,4,Provisional rejection
Lesotho,4,Provisional rejection
Medieval History,4,Provisional rejection
漫画,4,Provisional rejection
Genderqueer,4,Provisional rejection
Banking,4,Provisional rejection
Brain,4,Provisional rejection
M M Contemporary,4,Provisional rejection
Cabo Verde,4,Provisional rejection
Qualitative Research,3,Provisional rejection
Number Theory,3,Provisional rejection
Djibouti,3,Provisional rejection
Benin,3,Provisional rejection
Mary Shelley,3,Provisional rejection
Feminist Theory,3,Provisional rejection
Civil Engineering,3,Provisional rejection
Bisexual,3,Provisional rejection
Recreation,3,Provisional rejection
Game Design,3,Provisional rejection
Science Nature,3,Provisional rejection
Road Trip,3,Provisional rejection
World History,3,Provisional rejection
Latin American History,3,Provisional rejection
Storytime,3,Provisional rejection
Anti Racist,3,Provisional rejection
Tunisia,3,Provisional rejection
Esp,3,Provisional rejection
Anarchism,3,Provisional rejection
Western Africa,3,Provisional rejection
Physical Therapy,3,Provisional rejection
Journaling,3,Provisional rejection
Productivity,3,Provisional rejection
Japanese History,3,Provisional rejection
Disease,3,Provisional rejection
Campus,3,Provisional rejection
Zambia,3,Provisional rejection
Weird West,3,Provisional rejection
Usability,3,Provisional rejection
Virtual Reality,3,Provisional rejection
Traditional Chinese Medicine,3,Provisional rejection
Ornithology,3,Provisional rejection
The Americas,3,Provisional rejection
Marathi,3,Provisional rejection
Human Development,3,Provisional rejection
M M Mystery,3,Provisional rejection
Physiotherapy,3,Provisional rejection
Mali,3,Provisional rejection
Alexandria,2,Provisional rejection
Coptic Language,2,Provisional rejection
Homeschool,2,Provisional rejection
Spiritualism,2,Provisional rejection
International Development,2,Provisional rejection
Wilderness,2,Provisional rejection
Live Action Roleplaying,2,Provisional rejection
Social Movements,2,Provisional rejection
Nerd,2,Provisional rejection
Fashion History,2,Provisional rejection
M M M,2,Provisional rejection
Challenged Books,2,Provisional rejection
Huguenots,2,Provisional rejection
Travelogue,2,Provisional rejection
Informatics,2,Provisional rejection
Teachers,2,Provisional rejection
Back To School,2,Provisional rejection
Niger,2,Provisional rejection
Eritrea,2,Provisional rejection
Computation,2,Provisional rejection
Rock N Roll,2,Provisional rejection
Warcraft,2,Provisional rejection
Fashion Design,2,Provisional rejection
M M Young Adult,2,Provisional rejection
Mine,2,Provisional rejection
Namibia,2,Provisional rejection
M M F,2,Provisional rejection
Classical Studies,2,Provisional rejection
Colouring,2,Provisional rejection
Social Welfare,2,Provisional rejection
Queer Studies,2,Provisional rejection
Intelligent Design,2,Provisional rejection
Urbanism,2,Provisional rejection
10th Century,2,Provisional rejection
Green,2,Provisional rejection
American Classics,2,Provisional rejection
Counter Culture,2,Provisional rejection
Naturopathy,2,Provisional rejection
Jokes,2,Provisional rejection
Palmistry,2,Provisional rejection
Lds Non Fiction,2,Provisional rejection
Nursery Rhymes,2,Provisional rejection
Fat,2,Provisional rejection
Multiple Partners,2,Provisional rejection
Vegetarianism,2,Provisional rejection
Psychohistory,2,Provisional rejection
Taxation,2,Provisional rejection
Suisse,2,Provisional rejection
Distrust,2,Provisional rejection
Horoscopes,1,Provisional rejection
Futurism,1,Provisional rejection
Norman,1,Provisional rejection
Low Fantasy,1,Provisional rejection
Canterbury Tales,1,Provisional rejection
Functional Analysis,1,Provisional rejection
Recruitment,1,Provisional rejection
Young Adult Science Fiction,1,Provisional rejection
Patternmaking,1,Provisional rejection
Dressmaking,1,Provisional rejection
Burundi,1,Provisional rejection
Visual Art,1,Provisional rejection
Alternate Universe,1,Provisional rejection
Transmississippi,1,Provisional rejection
Trucks,1,Provisional rejection
Cuisine,1,Provisional rejection
Erotic Horror,1,Provisional rejection
Graphic Novels Comics Manga,1,forbidden
Fan Fiction,1,Provisional rejection
Urban Fantasy Romance,1,Provisional rejection
Whodunit,1,Provisional rejection
Musicians,1,Provisional rejection
Civil War Western Theater,1,Provisional rejection
Ivory Coast,1,Provisional rejection
Swashbuckling,1,Provisional rejection
Booze,1,Provisional rejection
Urban Design,1,Provisional rejection
Mixed Martial Arts,1,Provisional rejection
Satanism,1,Provisional rejection
Motorcycling,1,Provisional rejection
Star Trek Enterprise,1,Provisional rejection
Goth,1,Provisional rejection
Google,1,Provisional rejection
M M Paranormal,1,Provisional rejection
Aircraft,1,Provisional rejection
Couture,1,Provisional rejection
Preservation,1,Provisional rejection
Applied Mathematics,1,Provisional rejection
Words,1,Provisional rejection
Gothic Horror,1,Provisional rejection
Music Biography,1,Provisional rejection
Taekwondo,1,Provisional rejection
Islamism,1,Provisional rejection
Humanities,1,Provisional rejection
Underground Railway,1,Provisional rejection
Cairo,1,Provisional rejection
Feminist Studies,1,Provisional rejection
Plus Size,1,Provisional rejection
Slash Fiction,1,Provisional rejection
M M Science Fiction,1,Provisional rejection
Canon,1,Provisional rejection
Liberia,1,Provisional rejection
Alternative Medicine,1,Provisional rejection
True Story,1,Provisional rejection
Victorian Romance,1,Provisional rejection
Economic Development,1,Provisional rejection
Us Presidents,1,Provisional rejection
Hospitals,1,Provisional rejection
Cryonics,1,Provisional rejection
Warriors,1,Provisional rejection
Erotic Paranormal Romance,1,Provisional rejection
Airliners,1,Provisional rejection
Cameroon,1,Provisional rejection
M M Fantasy,1,Provisional rejection
Beverages,1,Provisional rejection
Landscaping,1,Provisional rejection
Fat Studies,1,Provisional rejection
Drinking,1,Provisional rejection
Gods,1,Provisional rejection
Southern Africa,1,Provisional rejection
Pre K,1,Provisional rejection
Gay For You,1,Provisional rejection
Aeroplanes,1,Provisional rejection
Frugal,1,Provisional rejection
Ethnic,1,Provisional rejection
Cross Dressing,1,Provisional rejection
Earth,1,Provisional rejection
Geek,1,Provisional rejection
